{"count":1,"self":3325.7170944,"total":8939.159526,"children":{"InitializeActuators":{"count":1,"self":0.001109,"total":0.001109,"children":null},"InitializeSensors":{"count":1,"self":0.0022129999999999997,"total":0.0022129999999999997,"children":null},"AgentSendState":{"count":2500267,"self":973.60179199999993,"total":1255.884014,"children":{"CollectObservations":{"count":500054,"self":6.9614575999999992,"total":6.9614579999999995,"children":null},"WriteActionMask":{"count":500054,"self":1.9947769999999998,"total":1.9947769999999998,"children":null},"RequestDecision":{"count":500054,"self":6.690478,"total":273.325959,"children":{"AgentInfo.ToProto":{"count":500054,"self":6.035858,"total":266.63548099999997,"children":{"GenerateSensorData":{"count":500054,"self":17.1167184,"total":260.599623,"children":{"CameraSensor.GetCompressedObservation":{"count":500054,"self":243.48290559999998,"total":243.482904,"children":null}}}}}}}}},"DecideAction":{"count":2500267,"self":4323.2681984,"total":4323.2683099999995,"children":null},"AgentAct":{"count":2500267,"self":33.867014399999995,"total":34.286583,"children":{"AgentInfo.ToProto":{"count":720,"self":0.017037999999999998,"total":0.419568,"children":{"GenerateSensorData":{"count":720,"self":0.028172,"total":0.40253,"children":{"CameraSensor.GetCompressedObservation":{"count":720,"self":0.37435799999999997,"total":0.37435799999999997,"children":null}}}}}}}},"gauges":{"ShadowAgent7Alt2.CumulativeReward":{"count":720,"max":1,"min":0,"runningAverage":0.0166666787,"value":0,"weightedAverage":5.97363533E-06}},"metadata":{"timer_format_version":"0.1.0","start_time_seconds":"1715654554","unity_version":"2022.3.4f1","command_line_arguments":"\/Applications\/Unity\/Hub\/Editor\/2022.3.4f1\/Unity.app\/Contents\/MacOS\/Unity -projectpath \/Users\/solimlegris\/Projects\/shadowmatic-rl -useHub -hubIPC -cloudEnvironment production","communication_protocol_version":"1.5.0","com.unity.ml-agents_version":"3.0.0-exp.1","scene_name":"Shadowmatic","end_time_seconds":"1715663493"}}