{"count":1,"self":1064.0013311999999,"total":6748.6727999999994,"children":{"InitializeActuators":{"count":1,"self":0.001023,"total":0.001023,"children":null},"InitializeSensors":{"count":1,"self":0.001967,"total":0.001967,"children":null},"AgentSendState":{"count":2500101,"self":960.1380352,"total":1221.6441909999999,"children":{"CollectObservations":{"count":500021,"self":6.1970328,"total":6.1970329999999993,"children":null},"WriteActionMask":{"count":500021,"self":1.8012329999999999,"total":1.8012329999999999,"children":null},"RequestDecision":{"count":500021,"self":5.962198,"total":253.507928,"children":{"AgentInfo.ToProto":{"count":500021,"self":5.6772352,"total":247.54573,"children":{"GenerateSensorData":{"count":500021,"self":15.925766399999999,"total":241.868495,"children":{"CameraSensor.GetCompressedObservation":{"count":500021,"self":225.9427328,"total":225.94272899999999,"children":null}}}}}}}}},"DecideAction":{"count":2500101,"self":4430.0341247999995,"total":4430.0339859999995,"children":null},"AgentAct":{"count":2500101,"self":32.6171456,"total":32.989413,"children":{"AgentInfo.ToProto":{"count":719,"self":0.012324,"total":0.37226899999999996,"children":{"GenerateSensorData":{"count":719,"self":0.024222999999999998,"total":0.35994499999999996,"children":{"CameraSensor.GetCompressedObservation":{"count":719,"self":0.33572199999999996,"total":0.33572199999999996,"children":null}}}}}}}},"gauges":{"ShadowAgent7.CumulativeReward":{"count":719,"max":1,"min":0,"runningAverage":0.009735745,"value":0,"weightedAverage":7.95113E-17}},"metadata":{"timer_format_version":"0.1.0","start_time_seconds":"1715640584","unity_version":"2022.3.4f1","command_line_arguments":"\/Applications\/Unity\/Hub\/Editor\/2022.3.4f1\/Unity.app\/Contents\/MacOS\/Unity -projectpath \/Users\/solimlegris\/Projects\/shadowmatic-rl -useHub -hubIPC -cloudEnvironment production","communication_protocol_version":"1.5.0","com.unity.ml-agents_version":"3.0.0-exp.1","scene_name":"Shadowmatic","end_time_seconds":"1715647332"}}